{
  "expand_iter": 0,
  "grad_new": {
    "naive": 0.06825847793329401,
    "phase_align": 0.889380547176198
  },
  "trap_density": {
    "sigma": [
      0.6,
      0.3,
      0.1,
      0.0
    ],
    "value": [
      84.58,
      80.68,
      55.04,
      5.7
    ]
  }
}